{"stats":{"minecraft:crafted":{"minecraft:oak_planks":16,"minecraft:stone_shovel":1,"minecraft:yellow_dye":1,"minecraft:crafting_table":6,"minecraft:spruce_planks":108,"minecraft:stick":16,"minecraft:leather_chestplate":1,"minecraft:wooden_pickaxe":1,"minecraft:stone_pickaxe":2,"minecraft:stone_sword":1,"minecraft:furnace":2,"minecraft:fletching_table":1,"minecraft:bread":21,"minecraft:wheat":63},"minecraft:mined":{"minecraft:hay_block":12,"minecraft:iron_ore":3,"minecraft:spruce_log":27,"minecraft:dandelion":1,"minecraft:yellow_bed":1,"minecraft:grass":1,"minecraft:oak_log":2,"minecraft:coal_ore":8,"minecraft:gravel":17,"minecraft:stripped_oak_log":2,"minecraft:cobblestone":9,"minecraft:spruce_leaves":8,"minecraft:stone":41,"minecraft:sugar_cane":1},"minecraft:custom":{"minecraft:time_since_rest":6822,"minecraft:interact_with_furnace":2,"minecraft:sprint_one_cm":62716,"minecraft:damage_taken":535,"minecraft:walk_one_cm":77242,"minecraft:drop":4,"minecraft:damage_dealt":139,"minecraft:swim_one_cm":2309,"minecraft:interact_with_crafting_table":15,"minecraft:fly_one_cm":94174,"minecraft:player_kills":1,"minecraft:open_chest":3,"minecraft:crouch_one_cm":14185,"minecraft:play_time":26088,"minecraft:deaths":2,"minecraft:sneak_time":3826,"minecraft:walk_under_water_one_cm":850,"minecraft:jump":467,"minecraft:walk_on_water_one_cm":786,"minecraft:time_since_death":10699,"minecraft:sleep_in_bed":1,"minecraft:total_world_time":26088,"minecraft:fall_one_cm":8858,"minecraft:horse_one_cm":7075},"minecraft:picked_up":{"minecraft:stripped_oak_log":2,"minecraft:raw_iron":6,"minecraft:brown_mushroom":13,"minecraft:dandelion":1,"minecraft:wooden_pickaxe":1,"minecraft:gravel":15,"minecraft:flint":2,"minecraft:oak_log":2,"minecraft:spruce_sapling":6,"minecraft:yellow_bed":1,"minecraft:spruce_log":34,"minecraft:mossy_cobblestone":1,"minecraft:raw_copper":23,"minecraft:bone":1,"minecraft:stone_axe":2,"minecraft:wheat_seeds":2,"minecraft:spruce_planks":35,"minecraft:hay_block":12,"minecraft:stone_pickaxe":2,"minecraft:sugar_cane":2,"minecraft:coal":8,"minecraft:cobblestone":76},"minecraft:killed_by":{"mutationcraft:necroptor":1,"mimicer:mimicer":1},"minecraft:used":{"minecraft:stone_shovel":17,"minecraft:bread":3,"minecraft:stone_pickaxe":38,"minecraft:leather_chestplate":2,"minecraft:spruce_planks":60,"minecraft:wooden_pickaxe":24,"minecraft:stone_axe":32,"minecraft:cobblestone":21,"minecraft:crafting_table":4,"minecraft:furnace":1,"minecraft:yellow_bed":1},"minecraft:dropped":{"minecraft:wheat_seeds":2,"minecraft:stone_pickaxe":2}},"DataVersion":3120}