{"stats":{"minecraft:crafted":{"minecraft:stone_sword":1,"minecraft:crafting_table":4,"minecraft:spruce_planks":108,"minecraft:stick":12,"minecraft:wooden_pickaxe":1,"minecraft:stone_pickaxe":1},"minecraft:mined":{"minecraft:iron_ore":1,"minecraft:cobblestone":9,"minecraft:spruce_leaves":8,"minecraft:spruce_log":27,"minecraft:stone":13},"minecraft:custom":{"minecraft:time_since_rest":8398,"minecraft:crouch_one_cm":12404,"minecraft:play_time":14088,"minecraft:sprint_one_cm":16412,"minecraft:deaths":1,"minecraft:damage_taken":375,"minecraft:walk_one_cm":43282,"minecraft:sneak_time":3431,"minecraft:drop":4,"minecraft:jump":187,"minecraft:damage_dealt":109,"minecraft:time_since_death":8371,"minecraft:total_world_time":14088,"minecraft:player_kills":1,"minecraft:interact_with_crafting_table":6,"minecraft:fall_one_cm":2890,"minecraft:fly_one_cm":20605},"minecraft:picked_up":{"minecraft:raw_copper":23,"minecraft:raw_iron":4,"minecraft:stone_axe":2,"minecraft:wheat_seeds":2,"minecraft:spruce_planks":35,"minecraft:stone_pickaxe":2,"minecraft:spruce_sapling":6,"minecraft:spruce_log":34,"minecraft:mossy_cobblestone":1,"minecraft:cobblestone":48},"minecraft:killed_by":{"mutationcraft:necroptor":1},"minecraft:dropped":{"minecraft:wheat_seeds":2,"minecraft:stone_pickaxe":2},"minecraft:used":{"minecraft:stone_axe":32,"minecraft:cobblestone":19,"minecraft:crafting_table":2,"minecraft:stone_pickaxe":14,"minecraft:wooden_pickaxe":9,"minecraft:spruce_planks":34}},"DataVersion":3120}