{"stats":{"minecraft:dropped":{"minecraft:enchanted_book":1,"minecraft:wheat_seeds":3,"minecraft:feather":6,"regions_unexplored:silver_birch_sapling":4,"minecraft:leather_helmet":1,"biomesoplenty:fir_sapling":8,"minecraft:cobweb":1,"mca:book_romance":1,"minecraft:snowball":26,"minecraft:string":1,"minecraft:white_wool":1,"minecraft:dandelion":2,"minecraft:bone":2,"iceandfire:silver_nugget":7,"alexsmobs:animal_dictionary":2,"minecraft:iron_nugget":9,"minecraft:stone_sword":1,"farmersdelight:cabbage_seeds":4,"minecraft:rotten_flesh":10,"alexsmobs:falconry_glove":1,"supplementaries:flax_seeds":1,"iceandfire:armor_silver_metal_boots":1,"minecraft:andesite":11,"iceandfire:silver_ingot":2,"minecraft:oak_sapling":1,"iceandfire:bestiary":1,"minecraft:arrow":2,"minecraft:wooden_pickaxe":1,"biomesoplenty:fir_log":18},"minecraft:mined":{"minecraft:white_bed":5,"iceandfire:silver_ore":6,"farmersdelight:wild_carrots":14,"biomesoplenty:bush":4,"minecraft:grass_block":8,"minecraft:oxeye_daisy":1,"minecraft:large_fern":1,"regions_unexplored:stone_bud":2,"minecraft:carrots":44,"minecraft:iron_ore":3,"minecraft:andesite":11,"treechop:chopped_log":2,"minecraft:brown_bed":2,"minecraft:bookshelf":7,"biomesoplenty:high_grass":11,"iceandfire:gold_pile":10,"minecraft:vine":1,"regions_unexplored:medium_grass":2,"minecraft:blue_orchid":5,"minecraft:stone":78,"regions_unexplored:silt_grass_block":2,"minecraft:smithing_table":1,"minecraft:dandelion":2,"minecraft:poppy":9,"supplementaries:wild_flax":1,"biomesoplenty:high_grass_plant":13,"minecraft:copper_ore":9,"minecraft:tall_grass":4,"minecraft:cobblestone":3,"minecraft:blue_bed":1,"minecraft:wall_torch":1,"minecraft:spruce_stairs":1,"minecraft:sweet_berry_bush":2,"minecraft:wheat":11,"minecraft:ice":1,"minecraft:grass":25,"minecraft:coal_ore":57,"iceandfire:silver_pile":3,"delightful:mini_melon":1,"minecraft:dirt":23,"minecraft:netherrack":5,"regions_unexplored:maple_shrub":1,"minecraft:oak_leaves":3,"minecraft:fern":6,"autumnity:large_pumpkin_slice":1},"minecraft:killed":{"alexsmobs:raccoon":1,"minecraft:spider":1,"alexsmobs:banana_slug":1,"minecraft:chicken":4,"aquaculture:carp":1,"minecraft:pig":4,"alexsmobs:grizzly_bear":2,"hunters_return:hunter":1,"minecraft:sheep":5,"minecraft:zombie":11,"iceandfire:ghost":1,"alexsmobs:crow":1,"minecraft:cow":9},"minecraft:picked_up":{"minecraft:wheat":11,"minecraft:chicken":7,"minecraft:smithing_table":1,"regions_unexplored:silt_dirt":2,"minecraft:brown_bed":2,"minecraft:string":1,"minecraft:raw_copper":33,"minecraft:blue_orchid":5,"minecraft:gold_nugget":72,"farmersdelight:cabbage":1,"regions_unexplored:maple_shrub":1,"minecraft:beef":19,"minecraft:iron_nugget":9,"minecraft:poppy":9,"alexsmobs:raccoon_tail":1,"farmersdelight:cabbage_seeds":1,"minecraft:egg":2,"minecraft:stick":31,"minecraft:raw_iron":65,"regions_unexplored:silver_birch_leaf_pile":2,"minecraft:torch":1,"minecraft:spruce_stairs":1,"minecraft:porkchop":7,"tombstone:grave_dust":2,"minecraft:carrot":207,"iceandfire:silver_ingot":2,"iceandfire:armor_silver_metal_boots":1,"minecraft:rotten_flesh":10,"minecraft:arrow":23,"alexsdelight:raw_bison":4,"aquaculture:carp":1,"autumnity:large_pumpkin_slice":1,"minecraft:mutton":5,"minecraft:snowball":26,"minecraft:white_wool":5,"minecraft:cobblestone":80,"minecraft:feather":6,"minecraft:andesite":11,"minecraft:leather":11,"minecraft:potato":3,"alexsmobs:bear_fur":6,"biomesoplenty:fir_sapling":48,"biomesoplenty:fir_log":186,"supplementaries:flax_seeds":1,"minecraft:blue_bed":1,"delightful:pumpkin_pie_slice":4,"minecraft:dirt":61,"minecraft:cooked_mutton":4,"minecraft:bone":4,"minecraft:apple":3,"delightful:mini_melon":1,"minecraft:wheat_seeds":48,"minecraft:cooked_chicken":3,"regions_unexplored:silver_birch_sapling":3,"minecraft:book":21,"biomesoplenty:toadstool":2,"minecraft:cooked_porkchop":1,"minecraft:sweet_berries":10,"minecraft:dandelion":2,"alexsmobs:falconry_glove":1,"minecraft:sand":1,"sophisticatedbackpacks:iron_backpack":1,"minecraft:spruce_log":1,"minecraft:white_bed":5,"minecraft:leather_helmet":2,"regions_unexplored:silver_birch_log":14,"minecraft:emerald":3,"minecraft:bread":17,"minecraft:oak_sapling":1,"minecraft:netherrack":5,"iceandfire:silver_nugget":16,"minecraft:coal":61,"iceandfire:raw_silver":6},"minecraft:used":{"regions_unexplored:silt_dirt":2,"minecraft:stone_sword":109,"iceandfire:silver_sword":40,"minecraft:poppy":1,"autumnity:large_pumpkin_slice":1,"minecraft:cooked_chicken":3,"minecraft:iron_chestplate":1,"minecraft:torch":11,"minecraft:dirt":31,"alexsmobs:frontier_cap":1,"minecraft:spruce_stairs":1,"minecraft:carrot":1,"regions_unexplored:silver_birch_leaf_pile":2,"minecraft:iron_boots":1,"minecraft:sweet_berries":5,"minecraft:furnace":2,"tombstone:gift":4,"minecraft:egg":2,"minecraft:brown_bed":2,"minecraft:iron_leggings":1,"minecraft:cooked_mutton":3,"regions_unexplored:silver_birch_log":2,"minecraft:stone_pickaxe":107,"minecraft:baked_potato":6,"minecraft:wooden_pickaxe":7,"minecraft:blue_bed":1,"minecraft:white_wool":1,"minecraft:sand":1,"minecraft:crafting_table":12,"minecraft:white_bed":5,"iceandfire:silver_pickaxe":92,"minecraft:bread":29,"iceandfire:graveyard_soil":4,"biomesoplenty:toadstool":2,"minecraft:stone_axe":51,"minecraft:cobblestone":3,"minecraft:cooked_porkchop":1,"minecraft:bucket":1,"alexsmobs:animal_dictionary":1},"minecraft:crafted":{"minecraft:brick":20,"alexsmobs:frontier_cap":1,"minecraft:iron_nugget":9,"minecraft:furnace":2,"mca:bouquet":1,"minecraft:iron_boots":1,"minecraft:stone_pickaxe":1,"minecraft:coal_block":1,"minecraft:crossbow":1,"minecraft:emerald":30,"iceandfire:silver_ingot":4,"minecraft:crafting_table":12,"minecraft:spruce_planks":40,"minecraft:baked_potato":6,"minecraft:bucket":1,"minecraft:birch_planks":96,"minecraft:stone_axe":1,"minecraft:air":0,"biomesoplenty:fir_planks":396,"iceandfire:armor_silver_metal_helmet":1,"iceandfire:bestiary":1,"minecraft:iron_chestplate":1,"alexsmobs:falconry_glove":1,"minecraft:stick":988,"minecraft:iron_ingot":3,"minecraft:stone_sword":1,"minecraft:gold_ingot":8,"minecraft:iron_leggings":1,"minecraft:white_bed":1,"minecraft:torch":104,"iceandfire:silver_pickaxe":1,"iceandfire:silver_sword":1},"minecraft:killed_by":{"iceandfire:ice_dragon":1},"minecraft:custom":{"minecraft:interact_with_smithing_table":1,"minecraft:mob_kills":43,"minecraft:interact_with_crafting_table":20,"minecraft:open_barrel":1,"minecraft:leave_game":1,"minecraft:time_since_death":55136,"minecraft:climb_one_cm":1268,"minecraft:sprint_one_cm":300580,"minecraft:walk_one_cm":489251,"minecraft:drop":42,"minecraft:play_time":164105,"minecraft:deaths":4,"minecraft:sneak_time":1158,"minecraft:walk_under_water_one_cm":15628,"minecraft:jump":2223,"minecraft:walk_on_water_one_cm":43262,"minecraft:total_world_time":164105,"minecraft:interact_with_furnace":12,"tombstone:raider_killed":1,"minecraft:traded_with_villager":33,"minecraft:sleep_in_bed":11,"minecraft:time_since_rest":13524,"minecraft:waystone_activated":1,"minecraft:damage_taken":3088,"minecraft:trigger_trapped_chest":2,"minecraft:damage_dealt":6280,"minecraft:swim_one_cm":25067,"minecraft:fly_one_cm":412795,"minecraft:open_chest":49,"minecraft:crouch_one_cm":5048,"tombstone:undead_killed":12,"minecraft:fall_one_cm":49079}},"DataVersion":3465}