{"stats":{"minecraft:crafted":{"minecraft:oak_planks":76,"regions_unexplored:maple_planks":24,"minecraft:cooked_chicken":4,"minecraft:cooked_mutton":17,"iceandfire:armor_silver_metal_chestplate":1,"minecraft:iron_boots":2,"iceandfire:armor_silver_metal_leggings":2,"iceandfire:armor_gray_helmet":1,"minecraft:chest":15,"galosphere:silver_ingot":70,"iceandfire:armor_gray_boots":1,"minecraft:emerald":65,"minecraft:cooked_porkchop":3,"minecraft:crafting_table":6,"minecraft:spruce_planks":172,"minecraft:wooden_pickaxe":1,"minecraft:iron_helmet":1,"minecraft:copper_ingot":60,"minecraft:gold_block":15,"minecraft:birch_planks":4,"iceandfire:armor_gray_chestplate":1,"biomesoplenty:fir_planks":4,"minecraft:iron_chestplate":3,"minecraft:diamond_pickaxe":1,"minecraft:shield":3,"minecraft:stick":2220,"quark:oak_chest":7,"minecraft:iron_ingot":180,"minecraft:stone_sword":1,"minecraft:gold_ingot":345,"iceandfire:silver_sword":1,"minecraft:raw_iron":27,"minecraft:coal":1,"iceandfire:armor_gray_leggings":1,"minecraft:furnace":2,"mca:bouquet":3,"minecraft:iron_axe":2,"minecraft:iron_hoe":1,"minecraft:stone_pickaxe":1,"iceandfire:armor_silver_metal_boots":2,"quark:spruce_chest":8,"minecraft:wheat":45,"minecraft:cooked_beef":20,"minecraft:diamond_sword":1,"iceandfire:silver_ingot":22,"minecraft:iron_sword":2,"minecraft:bread":15,"minecraft:air":0,"iceandfire:armor_silver_metal_helmet":2,"regions_unexplored:pine_planks":102,"minecraft:wooden_axe":1,"minecraft:iron_leggings":2,"minecraft:torch":252,"iceandfire:silver_pickaxe":1,"mca:wedding_ring":1},"minecraft:mined":{"iceandfire:graveyard_soil":1,"regions_unexplored:maple_log":5,"minecraft:granite":3,"minecraft:grass_block":2,"minecraft:oxeye_daisy":8,"minecraft:spawner":18,"minecraft:raw_iron_block":3,"regions_unexplored:stone_bud":2,"minecraft:iron_ore":109,"minecraft:fire":1,"minecraft:pumpkin":2,"minecraft:fletching_table":1,"minecraft:anvil":4,"minecraft:deepslate_lapis_ore":5,"iceandfire:gold_pile":259,"minecraft:iron_bars":2,"minecraft:blue_orchid":1,"regions_unexplored:silt_grass_block":3,"minecraft:amethyst_cluster":1,"minecraft:torch":6,"minecraft:blast_furnace":5,"minecraft:poppy":6,"galosphere:silver_ore":40,"minecraft:cobblestone":7,"minecraft:sugar_cane":36,"minecraft:wall_torch":4,"regions_unexplored:hyssop":3,"minecraft:grass":43,"minecraft:dirt":4,"minecraft:netherrack":2,"minecraft:oak_leaves":1,"minecraft:deepslate":50,"minecraft:crying_obsidian":3,"minecraft:tuff":18,"iceandfire:silver_ore":27,"minecraft:deepslate_diamond_ore":1,"minecraft:glow_lichen":1,"minecraft:dark_oak_fence":1,"biomesoplenty:bush":1,"iceandfire:frozen_stone":1,"iceandfire:deepslate_silver_ore":2,"minecraft:polished_andesite_slab":3,"regions_unexplored:maple_leaves":1,"minecraft:hay_block":5,"minecraft:furnace":3,"biomesoplenty:toadstool":1,"minecraft:andesite":5,"iceandfire:chared_gravel":1,"treechop:chopped_log":11,"minecraft:gold_block":2,"minecraft:bell":1,"minecraft:bookshelf":7,"minecraft:deepslate_iron_ore":125,"crittersandcompanions:silk_cocoon":4,"regions_unexplored:medium_grass":3,"minecraft:stone":188,"biomesoplenty:spider_egg":8,"galosphere:deepslate_silver_ore":58,"minecraft:dandelion":15,"minecraft:crafting_table":4,"minecraft:cornflower":8,"regions_unexplored:silt_dirt":12,"minecraft:andesite_slab":2,"minecraft:copper_ore":14,"minecraft:lapis_ore":6,"minecraft:deepslate_gold_ore":12,"minecraft:diorite":11,"minecraft:blue_bed":1,"supplementaries:urn":24,"minecraft:purple_bed":2,"minecraft:sweet_berry_bush":37,"minecraft:gray_bed":5,"minecraft:spruce_log":10,"iceandfire:ash":1,"minecraft:coal_ore":238,"quark:monster_box":1,"minecraft:cobweb":1,"minecraft:gold_ore":9,"minecraft:deepslate_emerald_ore":1,"minecraft:fern":18},"minecraft:custom":{"minecraft:interact_with_crafting_table":68,"minecraft:open_barrel":6,"goblintraders:trade_with_goblin":55,"minecraft:leave_game":4,"minecraft:time_since_death":287233,"minecraft:sprint_one_cm":727372,"minecraft:damage_blocked_by_shield":1930,"minecraft:drop":93,"minecraft:talked_to_villager":3,"minecraft:play_time":304663,"minecraft:deaths":1,"minecraft:jump":6123,"minecraft:walk_on_water_one_cm":44135,"minecraft:interact_with_furnace":44,"minecraft:traded_with_villager":64,"minecraft:sleep_in_bed":16,"minecraft:waystone_activated":1,"minecraft:damage_dealt":42524,"minecraft:crouch_one_cm":4955,"tombstone:undead_killed":115,"minecraft:interact_with_smoker":4,"minecraft:mob_kills":248,"minecraft:interact_with_anvil":18,"minecraft:damage_dealt_resisted":63,"minecraft:climb_one_cm":596,"minecraft:walk_one_cm":798230,"minecraft:damage_dealt_absorbed":40,"minecraft:sneak_time":1868,"minecraft:walk_under_water_one_cm":14825,"minecraft:interact_with_blast_furnace":25,"minecraft:total_world_time":304663,"tombstone:raider_killed":4,"minecraft:time_since_rest":20535,"minecraft:damage_taken":8018,"minecraft:trigger_trapped_chest":2,"minecraft:swim_one_cm":91979,"minecraft:fly_one_cm":1243930,"minecraft:open_chest":239,"minecraft:fall_one_cm":190882},"minecraft:picked_up":{"minecraft:creeper_head":2,"minecraft:anvil":4,"regions_unexplored:silt_dirt":15,"galosphere:silver_ingot":1,"minecraft:potion":1,"minecraft:enchanted_book":1,"minecraft:string":18,"minecraft:raw_copper":44,"minecraft:gold_nugget":2757,"regions_unexplored:pine_log":36,"minecraft:cobbled_deepslate":41,"alexsmobs:raccoon_tail":4,"delightful:green_tea_leaf":2,"minecraft:furnace":3,"minecraft:stick":64,"minecraft:torch":51,"minecraft:porkchop":32,"tombstone:grave_dust":33,"minecraft:diorite":8,"iceandfire:armor_silver_metal_boots":1,"minecraft:rotten_flesh":78,"supplementaries:antique_ink":4,"iceandfire:fire_dragon_heart":1,"alexsdelight:raw_bison":3,"supplementaries:ash":31,"mutantmonsters:mutant_skeleton_shoulder_pad":1,"minecraft:iron_bars":2,"minecraft:snowball":16,"minecraft:cobblestone":185,"minecraft:leather_chestplate":1,"minecraft:feather":18,"minecraft:andesite":4,"alexsmobs:bison_fur":1,"biomesoplenty:fir_log":234,"biomesoplenty:fir_sapling":90,"alexsmobs:bear_fur":3,"paraglider:spirit_orb":36,"minecraft:tuff":10,"supplementaries:flax_seeds":1,"minecraft:lapis_lazuli":70,"minecraft:dirt":12,"minecraft:leather_boots":1,"minecraft:bone":75,"minecraft:wheat_seeds":12,"minecraft:raw_gold":21,"minecraft:bell":1,"minecraft:fletching_table":1,"galosphere:raw_silver":99,"regions_unexplored:orange_coneflower":1,"biomesoplenty:toadstool":1,"regions_unexplored:pine_sapling":9,"alexsmobs:falconry_glove":1,"regions_unexplored:pine_planks":14,"iceandfire:dragon_skull_fire":1,"sophisticatedbackpacks:iron_backpack":1,"minecraft:grass_block":1,"minecraft:bundle":3,"regions_unexplored:hyssop":4,"minecraft:sugar":3,"minecraft:granite":4,"minecraft:emerald":6,"iceandfire:troll_leather_forest":1,"alexsmobs:banana_slug_slime":2,"minecraft:dark_oak_fence":1,"minecraft:andesite_slab":2,"iceandfire:raw_silver":31,"minecraft:crafting_table":4,"minecraft:chicken":16,"minecraft:gold_block":2,"aether:leather_gloves":1,"minecraft:cornflower":5,"iceandfire:frozen_stone":1,"artifacts:power_glove":1,"dungeonnowloading:spawner_fragment":79,"minecraft:blue_orchid":1,"improvableskills:scroll_normal":2,"minecraft:beef":46,"minecraft:iron_nugget":50,"minecraft:poppy":6,"minecraft:sugar_cane":52,"minecraft:egg":3,"minecraft:raw_iron":234,"iceandfire:dragonbone":10,"iceandfire:dragonscales_gray":33,"regions_unexplored:silver_birch_leaf_pile":3,"iceandfire:troll_tusk":1,"sophisticatedbackpacks:backpack":2,"aquaculture:perch":3,"minecraft:iron_horse_armor":1,"artifacts:everlasting_beef":1,"iceandfire:silver_ingot":1,"minecraft:arrow":74,"minecraft:hay_block":5,"relics:arrow_quiver":2,"crittersandcompanions:silk":24,"minecraft:gold_ingot":1,"minecraft:mutton":34,"minecraft:skeleton_skull":1,"minecraft:white_wool":20,"minecraft:oxeye_daisy":6,"regions_unexplored:peat_dirt":15,"minecraft:leather":29,"minecraft:red_mushroom":1,"tombstone:voodoo_poppet":1,"minecraft:blue_bed":1,"quark:forgotten_hat":1,"minecraft:apple":4,"iceandfire:armor_silver_metal_helmet":1,"minecraft:rabbit_hide":4,"minecraft:iron_ingot":1,"tombstone:bag_of_seeds":1,"minecraft:polished_andesite_slab":3,"minecraft:gray_bed":5,"minecraft:book":21,"regions_unexplored:silver_birch_sapling":1,"minecraft:sweet_berries":82,"minecraft:pumpkin":2,"iceandfire:ash":1,"minecraft:dandelion":15,"minecraft:raw_iron_block":3,"minecraft:amethyst_shard":9,"minecraft:spruce_sapling":11,"minecraft:blast_furnace":5,"minecraft:spruce_log":41,"minecraft:crying_obsidian":3,"minecraft:spider_eye":10,"minecraft:leather_helmet":1,"iceandfire:silver_pickaxe":1,"minecraft:purple_bed":2,"regions_unexplored:silver_birch_log":13,"regions_unexplored:maple_log":8,"minecraft:gray_wool":1,"tombstone:magic_scroll":5,"minecraft:black_wool":2,"minecraft:coal":309,"minecraft:ender_pearl":2},"minecraft:used":{"regions_unexplored:pine_planks":2,"minecraft:poppy":1,"minecraft:chest":15,"minecraft:shield":97,"minecraft:iron_sword":181,"minecraft:bell":1,"minecraft:rotten_flesh":2,"minecraft:tuff":1,"minecraft:grass_block":1,"iceandfire:armor_silver_metal_leggings":2,"delightful:green_tea_leaf":2,"minecraft:bow":7,"minecraft:sweet_berries":1,"minecraft:furnace":4,"minecraft:gray_bed":5,"minecraft:potato":2,"minecraft:oak_planks":17,"minecraft:stone_pickaxe":134,"minecraft:wooden_pickaxe":10,"biomesoplenty:fir_planks":3,"minecraft:blue_bed":1,"iceandfire:armor_silver_metal_boots":3,"minecraft:mushroom_stew":2,"minecraft:blast_furnace":2,"iceandfire:silver_pickaxe":421,"sophisticatedbackpacks:backpack":1,"minecraft:bread":163,"minecraft:stone_sword":131,"iceandfire:silver_sword":282,"minecraft:armor_stand":1,"minecraft:cooked_chicken":4,"minecraft:torch":328,"minecraft:anvil":4,"iceandfire:armor_silver_metal_helmet":3,"minecraft:wooden_axe":34,"minecraft:iron_axe":120,"tombstone:gift":4,"minecraft:cobbled_deepslate":6,"minecraft:cooked_mutton":2,"minecraft:fletching_table":1,"minecraft:crafting_table":11,"minecraft:diamond_pickaxe":733,"minecraft:apple":3,"tombstone:magic_scroll":1,"minecraft:cobblestone":56,"minecraft:purple_bed":2},"minecraft:dropped":{"sophisticatedbackpacks:iron_backpack":1,"alexsmobs:banana_slug_slime":2,"minecraft:iron_horse_armor":1,"minecraft:leather_helmet":1,"biomesoplenty:fir_sapling":45,"minecraft:red_mushroom":1,"minecraft:dirt":3,"tombstone:bag_of_seeds":1,"minecraft:gold_nugget":33,"minecraft:sugar":3,"iceandfire:armor_silver_metal_helmet":1,"alexsmobs:raccoon_tail":1,"minecraft:iron_nugget":25,"minecraft:cobbled_deepslate":14,"minecraft:wheat":13,"minecraft:rotten_flesh":2,"aether:leather_gloves":1,"iceandfire:frozen_stone":1,"supplementaries:antique_ink":3,"minecraft:rabbit_hide":4,"supplementaries:flax_seeds":1,"supplementaries:ash":20,"iceandfire:armor_silver_metal_boots":1,"minecraft:skeleton_skull":1,"quark:forgotten_hat":1,"minecraft:arrow":1,"iceandfire:silver_pickaxe":2,"minecraft:egg":3,"minecraft:bread":17,"minecraft:wheat_seeds":4,"minecraft:cobblestone":10,"minecraft:feather":7,"minecraft:granite":4,"minecraft:gray_wool":8,"minecraft:diorite":8,"minecraft:wooden_axe":1,"tombstone:grave_dust":15,"minecraft:string":5,"minecraft:creeper_head":2,"regions_unexplored:pine_log":5,"regions_unexplored:pine_planks":12,"minecraft:raw_copper":11,"minecraft:tuff":3,"minecraft:raw_iron":62,"sophisticatedbackpacks:backpack":1,"alexsmobs:falconry_glove":1,"alexsmobs:bear_fur":3,"dungeonnowloading:spawner_fragment":12,"crittersandcompanions:silk":24,"minecraft:andesite":1,"minecraft:spider_eye":10,"relics:arrow_quiver":2,"farmersdelight:ham":1,"minecraft:black_wool":1},"minecraft:broken":{"minecraft:stone_pickaxe":1,"minecraft:stone_sword":1,"minecraft:shield":1},"minecraft:killed":{"minecraft:cave_spider":15,"minecraft:witch":1,"minecraft:spider":5,"iceandfire:stymphalian_bird":1,"quark:forgotten":1,"minecraft:skeleton":51,"alexsmobs:banana_slug":2,"minecraft:chicken":17,"artifacts:mimic":1,"minecraft:pig":14,"alexsmobs:grizzly_bear":2,"hunters_return:hunter":3,"minecraft:sheep":23,"tinyskeletons:baby_skeleton":1,"minecraft:zombie":60,"minecraft:cow":20,"alexsmobs:raccoon":6,"minecraft:horse":3,"alexsmobs:blue_jay":1,"iceandfire:fire_dragon":1,"minecraft:llama":6,"alexsmobs:bison":2,"iceandfire:troll":1,"iceandfire:ghost":2}},"DataVersion":3465}