{"stats":{"minecraft:crafted":{"minecraft:crafting_table":2,"minecraft:spruce_planks":68,"minecraft:stick":4,"minecraft:wooden_pickaxe":1,"minecraft:stone_pickaxe":2,"minecraft:stone_sword":1,"minecraft:stone_axe":2},"minecraft:mined":{"minecraft:podzol":1,"minecraft:spruce_planks":4,"minecraft:brown_mushroom":13,"minecraft:mossy_cobblestone":3,"minecraft:iron_ore":1,"minecraft:spruce_log":30,"minecraft:dead_bush":3,"minecraft:cobblestone":1,"minecraft:copper_ore":6,"minecraft:spruce_leaves":16,"minecraft:stone":67,"minecraft:fern":6},"minecraft:killed":{"mutationcraft:necroptor":5,"mutationcraft:assimilated_roamer":1,"mutationcraft:developed_roamer":1,"mutationcraft:miter":1},"minecraft:picked_up":{"minecraft:stick":21,"minecraft:raw_iron":1,"minecraft:brown_mushroom":56,"minecraft:wooden_pickaxe":3,"mutationcraft:putrid_claw":2,"mutationcraft:necroptor_bomb":1,"minecraft:spruce_sapling":3,"minecraft:spruce_log":50,"minecraft:mossy_cobblestone":6,"minecraft:raw_copper":46,"minecraft:stone_sword":4,"minecraft:stone_axe":3,"minecraft:wheat_seeds":4,"minecraft:spruce_planks":82,"minecraft:stone_pickaxe":3,"minecraft:cobblestone":67},"minecraft:custom":{"minecraft:time_since_rest":1436,"minecraft:sprint_one_cm":42433,"minecraft:damage_taken":1355,"minecraft:walk_one_cm":41190,"minecraft:mob_kills":8,"minecraft:drop":1,"minecraft:damage_dealt":1681,"minecraft:swim_one_cm":8225,"minecraft:interact_with_crafting_table":5,"minecraft:fly_one_cm":45223,"minecraft:crouch_one_cm":494,"minecraft:play_time":17889,"minecraft:deaths":5,"minecraft:sneak_time":125,"minecraft:walk_under_water_one_cm":4691,"minecraft:jump":324,"minecraft:time_since_death":1406,"minecraft:walk_on_water_one_cm":3680,"minecraft:total_world_time":17889,"minecraft:fall_one_cm":6963},"minecraft:killed_by":{"skinwalker_overhaul:skinwalker_overhaul":1,"minecraft:player":1,"mutationcraft:assimilated_roamer":1,"mutationcraft:necroptor":2},"minecraft:dropped":{"minecraft:cobblestone":9},"minecraft:used":{"minecraft:stone_sword":35,"minecraft:stone_pickaxe":38,"minecraft:spruce_planks":10,"minecraft:wooden_pickaxe":41,"minecraft:stone_axe":28,"minecraft:mossy_cobblestone":1,"minecraft:cobblestone":16,"minecraft:crafting_table":2}},"DataVersion":3120}