{"stats":{"minecraft:crafted":{"minecraft:shield":1,"minecraft:crafting_table":3,"minecraft:spruce_planks":124,"minecraft:stick":12,"minecraft:iron_ingot":2,"minecraft:wooden_pickaxe":2,"minecraft:stone_pickaxe":3,"minecraft:wooden_axe":1,"minecraft:stone_sword":1,"minecraft:stone_axe":3},"minecraft:mined":{"minecraft:podzol":1,"minecraft:spruce_planks":4,"minecraft:brown_mushroom":20,"minecraft:mossy_cobblestone":3,"minecraft:iron_ore":2,"minecraft:spruce_log":45,"minecraft:coal_ore":56,"minecraft:dead_bush":5,"minecraft:cobblestone":1,"minecraft:copper_ore":12,"minecraft:spruce_leaves":22,"minecraft:stone":91,"minecraft:fern":7,"minecraft:large_fern":2},"minecraft:killed":{"mutationcraft:necroptor":5,"mutationcraft:assimilated_roamer":1,"mutationcraft:assimilated_wandering_trader":1,"mutationcraft:developed_roamer":1,"mutationcraft:miter":2},"minecraft:picked_up":{"minecraft:stick":23,"minecraft:raw_iron":2,"minecraft:brown_mushroom":61,"minecraft:wooden_pickaxe":3,"mutationcraft:putrid_claw":4,"mutationcraft:necroptor_bomb":1,"minecraft:spruce_sapling":4,"minecraft:spruce_log":65,"minecraft:mossy_cobblestone":6,"minecraft:raw_copper":63,"minecraft:stone_sword":4,"minecraft:stone_axe":3,"minecraft:wheat_seeds":4,"minecraft:spruce_planks":82,"minecraft:stone_pickaxe":3,"minecraft:coal":56,"minecraft:cobblestone":91},"minecraft:custom":{"minecraft:time_since_rest":15413,"minecraft:sprint_one_cm":73538,"minecraft:damage_taken":1524,"minecraft:walk_one_cm":78876,"minecraft:mob_kills":10,"minecraft:drop":1,"minecraft:damage_dealt":2179,"minecraft:swim_one_cm":30328,"minecraft:interact_with_crafting_table":10,"minecraft:fly_one_cm":61233,"minecraft:open_chest":2,"minecraft:crouch_one_cm":572,"minecraft:play_time":31866,"minecraft:deaths":5,"minecraft:sneak_time":186,"minecraft:walk_under_water_one_cm":9544,"minecraft:jump":572,"minecraft:leave_game":1,"minecraft:time_since_death":15383,"minecraft:walk_on_water_one_cm":9473,"minecraft:total_world_time":31866,"minecraft:fall_one_cm":10934},"minecraft:killed_by":{"skinwalker_overhaul:skinwalker_overhaul":1,"minecraft:player":1,"mutationcraft:assimilated_roamer":1,"mutationcraft:necroptor":2},"minecraft:dropped":{"minecraft:cobblestone":9},"minecraft:used":{"minecraft:golden_boots":1,"minecraft:wooden_axe":4,"minecraft:stone_sword":35,"minecraft:stone_pickaxe":119,"minecraft:spruce_planks":10,"minecraft:wooden_pickaxe":48,"minecraft:stone_axe":38,"minecraft:mossy_cobblestone":1,"minecraft:cobblestone":18,"minecraft:crafting_table":3}},"DataVersion":3120}